[{"model": "accounts.country", "pk": 1, "fields": {"country": "Afghanistan", "abbreviation": "AF", "flag": "images/flags/af.png"}}, {"model": "accounts.country", "pk": 2, "fields": {"country": "Aland Islands", "abbreviation": "AX", "flag": "images/flags/ax.png"}}, {"model": "accounts.country", "pk": 3, "fields": {"country": "Albania", "abbreviation": "AL", "flag": "images/flags/al.png"}}, {"model": "accounts.country", "pk": 4, "fields": {"country": "Algeria", "abbreviation": "DZ", "flag": "images/flags/dz.png"}}, {"model": "accounts.country", "pk": 5, "fields": {"country": "American Samoa", "abbreviation": "AS", "flag": "images/flags/as.png"}}, {"model": "accounts.country", "pk": 6, "fields": {"country": "Andorra", "abbreviation": "AD", "flag": "images/flags/ad.png"}}, {"model": "accounts.country", "pk": 7, "fields": {"country": "Angola", "abbreviation": "AO", "flag": "images/flags/ao.png"}}, {"model": "accounts.country", "pk": 8, "fields": {"country": "Anguilla", "abbreviation": "AI", "flag": "images/flags/ai.png"}}, {"model": "accounts.country", "pk": 9, "fields": {"country": "Antarctica", "abbreviation": "AQ", "flag": "images/flags/aq.png"}}, {"model": "accounts.country", "pk": 10, "fields": {"country": "Antigua And Barbuda", "abbreviation": "AG", "flag": "images/flags/ag.png"}}, {"model": "accounts.country", "pk": 11, "fields": {"country": "Argentina", "abbreviation": "AR", "flag": "images/flags/ar.png"}}, {"model": "accounts.country", "pk": 12, "fields": {"country": "Armenia", "abbreviation": "AM", "flag": "images/flags/am.png"}}, {"model": "accounts.country", "pk": 13, "fields": {"country": "Aruba", "abbreviation": "AW", "flag": "images/flags/aw.png"}}, {"model": "accounts.country", "pk": 14, "fields": {"country": "Australia", "abbreviation": "AU", "flag": "images/flags/au.png"}}, {"model": "accounts.country", "pk": 15, "fields": {"country": "Austria", "abbreviation": "AT", "flag": "images/flags/at.png"}}, {"model": "accounts.country", "pk": 16, "fields": {"country": "Azerbaijan", "abbreviation": "AZ", "flag": "images/flags/az.png"}}, {"model": "accounts.country", "pk": 17, "fields": {"country": "Bahamas", "abbreviation": "BS", "flag": "images/flags/bs.png"}}, {"model": "accounts.country", "pk": 18, "fields": {"country": "Bahrain", "abbreviation": "BH", "flag": "images/flags/bh.png"}}, {"model": "accounts.country", "pk": 19, "fields": {"country": "Bangladesh", "abbreviation": "BD", "flag": "images/flags/bd.png"}}, {"model": "accounts.country", "pk": 20, "fields": {"country": "Barbados", "abbreviation": "BB", "flag": "images/flags/bb.png"}}, {"model": "accounts.country", "pk": 21, "fields": {"country": "Belarus", "abbreviation": "BY", "flag": "images/flags/by.png"}}, {"model": "accounts.country", "pk": 22, "fields": {"country": "Belgium", "abbreviation": "BE", "flag": "images/flags/be.png"}}, {"model": "accounts.country", "pk": 23, "fields": {"country": "Belize", "abbreviation": "BZ", "flag": "images/flags/bz.png"}}, {"model": "accounts.country", "pk": 24, "fields": {"country": "Benin", "abbreviation": "BJ", "flag": "images/flags/bj.png"}}, {"model": "accounts.country", "pk": 25, "fields": {"country": "Bermuda", "abbreviation": "BM", "flag": "images/flags/bm.png"}}, {"model": "accounts.country", "pk": 26, "fields": {"country": "Bhutan", "abbreviation": "BT", "flag": "images/flags/bt.png"}}, {"model": "accounts.country", "pk": 27, "fields": {"country": "Bolivia", "abbreviation": "BO", "flag": "images/flags/bo.png"}}, {"model": "accounts.country", "pk": 28, "fields": {"country": "Bosnia And Herzegovina", "abbreviation": "BA", "flag": "images/flags/ba.png"}}, {"model": "accounts.country", "pk": 29, "fields": {"country": "Botswana", "abbreviation": "BW", "flag": "images/flags/bw.png"}}, {"model": "accounts.country", "pk": 30, "fields": {"country": "Bouvet Island", "abbreviation": "BV", "flag": "images/flags/bv.png"}}, {"model": "accounts.country", "pk": 31, "fields": {"country": "Brazil", "abbreviation": "BR", "flag": "images/flags/br.png"}}, {"model": "accounts.country", "pk": 32, "fields": {"country": "British Indian Ocean Territory", "abbreviation": "IO", "flag": "images/flags/io.png"}}, {"model": "accounts.country", "pk": 33, "fields": {"country": "Brunei Darussalam", "abbreviation": "BN", "flag": "images/flags/bn.png"}}, {"model": "accounts.country", "pk": 34, "fields": {"country": "Bulgaria", "abbreviation": "BG", "flag": "images/flags/bg.png"}}, {"model": "accounts.country", "pk": 35, "fields": {"country": "Burkina Faso", "abbreviation": "BF", "flag": "images/flags/bf.png"}}, {"model": "accounts.country", "pk": 36, "fields": {"country": "Burundi", "abbreviation": "BI", "flag": "images/flags/bi.png"}}, {"model": "accounts.country", "pk": 37, "fields": {"country": "Cambodia", "abbreviation": "KH", "flag": "images/flags/kh.png"}}, {"model": "accounts.country", "pk": 38, "fields": {"country": "Cameroon", "abbreviation": "CM", "flag": "images/flags/cm.png"}}, {"model": "accounts.country", "pk": 39, "fields": {"country": "Canada", "abbreviation": "CA", "flag": "images/flags/ca.png"}}, {"model": "accounts.country", "pk": 40, "fields": {"country": "Cape Verde", "abbreviation": "CV", "flag": "images/flags/cv.png"}}, {"model": "accounts.country", "pk": 41, "fields": {"country": "Cayman Islands", "abbreviation": "KY", "flag": "images/flags/ky.png"}}, {"model": "accounts.country", "pk": 42, "fields": {"country": "Central African Republic", "abbreviation": "CF", "flag": "images/flags/cf.png"}}, {"model": "accounts.country", "pk": 43, "fields": {"country": "Chad", "abbreviation": "TD", "flag": "images/flags/td.png"}}, {"model": "accounts.country", "pk": 44, "fields": {"country": "Chile", "abbreviation": "CL", "flag": "images/flags/cl.png"}}, {"model": "accounts.country", "pk": 45, "fields": {"country": "China", "abbreviation": "CN", "flag": "images/flags/cn.png"}}, {"model": "accounts.country", "pk": 46, "fields": {"country": "Christmas Island", "abbreviation": "CX", "flag": "images/flags/cx.png"}}, {"model": "accounts.country", "pk": 47, "fields": {"country": "Cocos (keeling) Islands", "abbreviation": "CC", "flag": "images/flags/cc.png"}}, {"model": "accounts.country", "pk": 48, "fields": {"country": "Colombia", "abbreviation": "CO", "flag": "images/flags/co.png"}}, {"model": "accounts.country", "pk": 49, "fields": {"country": "Comoros", "abbreviation": "KM", "flag": "images/flags/km.png"}}, {"model": "accounts.country", "pk": 50, "fields": {"country": "Congo", "abbreviation": "CG", "flag": "images/flags/cg.png"}}, {"model": "accounts.country", "pk": 51, "fields": {"country": "Congo, The Democratic Republic Of The", "abbreviation": "CD", "flag": "images/flags/cd.png"}}, {"model": "accounts.country", "pk": 52, "fields": {"country": "Cook Islands", "abbreviation": "CK", "flag": "images/flags/ck.png"}}, {"model": "accounts.country", "pk": 53, "fields": {"country": "Costa Rica", "abbreviation": "CR", "flag": "images/flags/cr.png"}}, {"model": "accounts.country", "pk": 54, "fields": {"country": "Cote D'ivoire", "abbreviation": "CI", "flag": "images/flags/ci.png"}}, {"model": "accounts.country", "pk": 55, "fields": {"country": "Croatia", "abbreviation": "HR", "flag": "images/flags/hr.png"}}, {"model": "accounts.country", "pk": 56, "fields": {"country": "Cuba", "abbreviation": "CU", "flag": "images/flags/cu.png"}}, {"model": "accounts.country", "pk": 57, "fields": {"country": "Cyprus", "abbreviation": "CY", "flag": "images/flags/cy.png"}}, {"model": "accounts.country", "pk": 58, "fields": {"country": "Czech Republic", "abbreviation": "CZ", "flag": "images/flags/cz.png"}}, {"model": "accounts.country", "pk": 59, "fields": {"country": "Denmark", "abbreviation": "DK", "flag": "images/flags/dk.png"}}, {"model": "accounts.country", "pk": 60, "fields": {"country": "Djibouti", "abbreviation": "DJ", "flag": "images/flags/dj.png"}}, {"model": "accounts.country", "pk": 61, "fields": {"country": "Dominica", "abbreviation": "DM", "flag": "images/flags/dm.png"}}, {"model": "accounts.country", "pk": 62, "fields": {"country": "Dominican Republic", "abbreviation": "DO", "flag": "images/flags/do.png"}}, {"model": "accounts.country", "pk": 63, "fields": {"country": "Ecuador", "abbreviation": "EC", "flag": "images/flags/ec.png"}}, {"model": "accounts.country", "pk": 64, "fields": {"country": "Egypt", "abbreviation": "EG", "flag": "images/flags/eg.png"}}, {"model": "accounts.country", "pk": 65, "fields": {"country": "El Salvador", "abbreviation": "SV", "flag": "images/flags/sv.png"}}, {"model": "accounts.country", "pk": 66, "fields": {"country": "Equatorial Guinea", "abbreviation": "GQ", "flag": "images/flags/gq.png"}}, {"model": "accounts.country", "pk": 67, "fields": {"country": "Eritrea", "abbreviation": "ER", "flag": "images/flags/er.png"}}, {"model": "accounts.country", "pk": 68, "fields": {"country": "Estonia", "abbreviation": "EE", "flag": "images/flags/ee.png"}}, {"model": "accounts.country", "pk": 69, "fields": {"country": "Ethiopia", "abbreviation": "ET", "flag": "images/flags/et.png"}}, {"model": "accounts.country", "pk": 70, "fields": {"country": "Falkland Islands (malvinas)", "abbreviation": "FK", "flag": "images/flags/fk.png"}}, {"model": "accounts.country", "pk": 71, "fields": {"country": "Faroe Islands", "abbreviation": "FO", "flag": "images/flags/fo.png"}}, {"model": "accounts.country", "pk": 72, "fields": {"country": "Fiji", "abbreviation": "FJ", "flag": "images/flags/fj.png"}}, {"model": "accounts.country", "pk": 73, "fields": {"country": "Finland", "abbreviation": "FI", "flag": "images/flags/fi.png"}}, {"model": "accounts.country", "pk": 74, "fields": {"country": "France", "abbreviation": "FR", "flag": "images/flags/fr.png"}}, {"model": "accounts.country", "pk": 75, "fields": {"country": "French Guiana", "abbreviation": "GF", "flag": "images/flags/gf.png"}}, {"model": "accounts.country", "pk": 76, "fields": {"country": "French Polynesia", "abbreviation": "PF", "flag": "images/flags/pf.png"}}, {"model": "accounts.country", "pk": 77, "fields": {"country": "French Southern Territories", "abbreviation": "TF", "flag": "images/flags/tf.png"}}, {"model": "accounts.country", "pk": 78, "fields": {"country": "Gabon", "abbreviation": "GA", "flag": "images/flags/ga.png"}}, {"model": "accounts.country", "pk": 79, "fields": {"country": "Gambia", "abbreviation": "GM", "flag": "images/flags/gm.png"}}, {"model": "accounts.country", "pk": 80, "fields": {"country": "Georgia", "abbreviation": "GE", "flag": "images/flags/ge.png"}}, {"model": "accounts.country", "pk": 81, "fields": {"country": "Germany", "abbreviation": "DE", "flag": "images/flags/de.png"}}, {"model": "accounts.country", "pk": 82, "fields": {"country": "Ghana", "abbreviation": "GH", "flag": "images/flags/gh.png"}}, {"model": "accounts.country", "pk": 83, "fields": {"country": "Gibraltar", "abbreviation": "GI", "flag": "images/flags/gi.png"}}, {"model": "accounts.country", "pk": 84, "fields": {"country": "Greece", "abbreviation": "GR", "flag": "images/flags/gr.png"}}, {"model": "accounts.country", "pk": 85, "fields": {"country": "Greenland", "abbreviation": "GL", "flag": "images/flags/gl.png"}}, {"model": "accounts.country", "pk": 86, "fields": {"country": "Grenada", "abbreviation": "GD", "flag": "images/flags/gd.png"}}, {"model": "accounts.country", "pk": 87, "fields": {"country": "Guadeloupe", "abbreviation": "GP", "flag": "images/flags/gp.png"}}, {"model": "accounts.country", "pk": 88, "fields": {"country": "Guam", "abbreviation": "GU", "flag": "images/flags/gu.png"}}, {"model": "accounts.country", "pk": 89, "fields": {"country": "Guatemala", "abbreviation": "GT", "flag": "images/flags/gt.png"}}, {"model": "accounts.country", "pk": 90, "fields": {"country": "Guernsey", "abbreviation": "GG", "flag": "images/flags/gg.png"}}, {"model": "accounts.country", "pk": 91, "fields": {"country": "Guinea", "abbreviation": "GN", "flag": "images/flags/gn.png"}}, {"model": "accounts.country", "pk": 92, "fields": {"country": "Guinea-bissau", "abbreviation": "GW", "flag": "images/flags/gw.png"}}, {"model": "accounts.country", "pk": 93, "fields": {"country": "Guyana", "abbreviation": "GY", "flag": "images/flags/gy.png"}}, {"model": "accounts.country", "pk": 94, "fields": {"country": "Haiti", "abbreviation": "HT", "flag": "images/flags/ht.png"}}, {"model": "accounts.country", "pk": 95, "fields": {"country": "Heard Island And Mcdonald Islands", "abbreviation": "HM", "flag": "images/flags/hm.png"}}, {"model": "accounts.country", "pk": 96, "fields": {"country": "Honduras", "abbreviation": "HN", "flag": "images/flags/hn.png"}}, {"model": "accounts.country", "pk": 97, "fields": {"country": "Hong Kong", "abbreviation": "HK", "flag": "images/flags/hk.png"}}, {"model": "accounts.country", "pk": 98, "fields": {"country": "Hungary", "abbreviation": "HU", "flag": "images/flags/hu.png"}}, {"model": "accounts.country", "pk": 99, "fields": {"country": "Iceland", "abbreviation": "IS", "flag": "images/flags/is.png"}}, {"model": "accounts.country", "pk": 100, "fields": {"country": "India", "abbreviation": "IN", "flag": "images/flags/in.png"}}, {"model": "accounts.country", "pk": 101, "fields": {"country": "Indonesia", "abbreviation": "ID", "flag": "images/flags/id.png"}}, {"model": "accounts.country", "pk": 102, "fields": {"country": "Iran, Islamic Republic Of", "abbreviation": "IR", "flag": "images/flags/ir.png"}}, {"model": "accounts.country", "pk": 103, "fields": {"country": "Iraq", "abbreviation": "IQ", "flag": "images/flags/iq.png"}}, {"model": "accounts.country", "pk": 104, "fields": {"country": "Ireland", "abbreviation": "IE", "flag": "images/flags/ie.png"}}, {"model": "accounts.country", "pk": 105, "fields": {"country": "Isle Of Man", "abbreviation": "IM", "flag": "images/flags/im.png"}}, {"model": "accounts.country", "pk": 106, "fields": {"country": "Israel", "abbreviation": "IL", "flag": "images/flags/il.png"}}, {"model": "accounts.country", "pk": 107, "fields": {"country": "Italy", "abbreviation": "IT", "flag": "images/flags/it.png"}}, {"model": "accounts.country", "pk": 108, "fields": {"country": "Jamaica", "abbreviation": "JM", "flag": "images/flags/jm.png"}}, {"model": "accounts.country", "pk": 109, "fields": {"country": "Japan", "abbreviation": "JP", "flag": "images/flags/jp.png"}}, {"model": "accounts.country", "pk": 110, "fields": {"country": "Jersey", "abbreviation": "JE", "flag": "images/flags/je.png"}}, {"model": "accounts.country", "pk": 111, "fields": {"country": "Jordan", "abbreviation": "JO", "flag": "images/flags/jo.png"}}, {"model": "accounts.country", "pk": 112, "fields": {"country": "Kazakhstan", "abbreviation": "KZ", "flag": "images/flags/kz.png"}}, {"model": "accounts.country", "pk": 113, "fields": {"country": "Kenya", "abbreviation": "KE", "flag": "images/flags/ke.png"}}, {"model": "accounts.country", "pk": 114, "fields": {"country": "Kiribati", "abbreviation": "KI", "flag": "images/flags/ki.png"}}, {"model": "accounts.country", "pk": 115, "fields": {"country": "Korea, Democratic People's Republic Of", "abbreviation": "KP", "flag": "images/flags/kp.png"}}, {"model": "accounts.country", "pk": 116, "fields": {"country": "Korea, Republic Of", "abbreviation": "KR", "flag": "images/flags/kr.png"}}, {"model": "accounts.country", "pk": 117, "fields": {"country": "Kuwait", "abbreviation": "KW", "flag": "images/flags/kw.png"}}, {"model": "accounts.country", "pk": 118, "fields": {"country": "Kyrgyzstan", "abbreviation": "KG", "flag": "images/flags/kg.png"}}, {"model": "accounts.country", "pk": 119, "fields": {"country": "Lao People's Democratic Republic", "abbreviation": "LA", "flag": "images/flags/la.png"}}, {"model": "accounts.country", "pk": 120, "fields": {"country": "Latvia", "abbreviation": "LV", "flag": "images/flags/lv.png"}}, {"model": "accounts.country", "pk": 121, "fields": {"country": "Lebanon", "abbreviation": "LB", "flag": "images/flags/lb.png"}}, {"model": "accounts.country", "pk": 122, "fields": {"country": "Lesotho", "abbreviation": "LS", "flag": "images/flags/ls.png"}}, {"model": "accounts.country", "pk": 123, "fields": {"country": "Liberia", "abbreviation": "LR", "flag": "images/flags/lr.png"}}, {"model": "accounts.country", "pk": 124, "fields": {"country": "Libyan Arab Jamahiriya", "abbreviation": "LY", "flag": "images/flags/ly.png"}}, {"model": "accounts.country", "pk": 125, "fields": {"country": "Liechtenstein", "abbreviation": "LI", "flag": "images/flags/li.png"}}, {"model": "accounts.country", "pk": 126, "fields": {"country": "Lithuania", "abbreviation": "LT", "flag": "images/flags/lt.png"}}, {"model": "accounts.country", "pk": 127, "fields": {"country": "Luxembourg", "abbreviation": "LU", "flag": "images/flags/lu.png"}}, {"model": "accounts.country", "pk": 128, "fields": {"country": "Macao", "abbreviation": "MO", "flag": "images/flags/mo.png"}}, {"model": "accounts.country", "pk": 129, "fields": {"country": "Macedonia, The Former Yugoslav Republic Of", "abbreviation": "MK", "flag": "images/flags/mk.png"}}, {"model": "accounts.country", "pk": 130, "fields": {"country": "Madagascar", "abbreviation": "MG", "flag": "images/flags/mg.png"}}, {"model": "accounts.country", "pk": 131, "fields": {"country": "Malawi", "abbreviation": "MW", "flag": "images/flags/mw.png"}}, {"model": "accounts.country", "pk": 132, "fields": {"country": "Malaysia", "abbreviation": "MY", "flag": "images/flags/my.png"}}, {"model": "accounts.country", "pk": 133, "fields": {"country": "Maldives", "abbreviation": "MV", "flag": "images/flags/mv.png"}}, {"model": "accounts.country", "pk": 134, "fields": {"country": "Mali", "abbreviation": "ML", "flag": "images/flags/ml.png"}}, {"model": "accounts.country", "pk": 135, "fields": {"country": "Malta", "abbreviation": "MT", "flag": "images/flags/mt.png"}}, {"model": "accounts.country", "pk": 136, "fields": {"country": "Marshall Islands", "abbreviation": "MH", "flag": "images/flags/mh.png"}}, {"model": "accounts.country", "pk": 137, "fields": {"country": "Martinique", "abbreviation": "MQ", "flag": "images/flags/mq.png"}}, {"model": "accounts.country", "pk": 138, "fields": {"country": "Mauritania", "abbreviation": "MR", "flag": "images/flags/mr.png"}}, {"model": "accounts.country", "pk": 139, "fields": {"country": "Mauritius", "abbreviation": "MU", "flag": "images/flags/mu.png"}}, {"model": "accounts.country", "pk": 140, "fields": {"country": "Mayotte", "abbreviation": "YT", "flag": "images/flags/yt.png"}}, {"model": "accounts.country", "pk": 141, "fields": {"country": "Mexico", "abbreviation": "MX", "flag": "images/flags/mx.png"}}, {"model": "accounts.country", "pk": 142, "fields": {"country": "Micronesia, Federated States Of", "abbreviation": "FM", "flag": "images/flags/fm.png"}}, {"model": "accounts.country", "pk": 143, "fields": {"country": "Moldova", "abbreviation": "MD", "flag": "images/flags/md.png"}}, {"model": "accounts.country", "pk": 144, "fields": {"country": "Monaco", "abbreviation": "MC", "flag": "images/flags/mc.png"}}, {"model": "accounts.country", "pk": 145, "fields": {"country": "Mongolia", "abbreviation": "MN", "flag": "images/flags/mn.png"}}, {"model": "accounts.country", "pk": 146, "fields": {"country": "Montenegro", "abbreviation": "ME", "flag": "images/flags/me.png"}}, {"model": "accounts.country", "pk": 147, "fields": {"country": "Montserrat", "abbreviation": "MS", "flag": "images/flags/ms.png"}}, {"model": "accounts.country", "pk": 148, "fields": {"country": "Morocco", "abbreviation": "MA", "flag": "images/flags/ma.png"}}, {"model": "accounts.country", "pk": 149, "fields": {"country": "Mozambique", "abbreviation": "MZ", "flag": "images/flags/mz.png"}}, {"model": "accounts.country", "pk": 150, "fields": {"country": "Myanmar", "abbreviation": "MM", "flag": "images/flags/mm.png"}}, {"model": "accounts.country", "pk": 151, "fields": {"country": "Namibia", "abbreviation": "NA", "flag": "images/flags/na.png"}}, {"model": "accounts.country", "pk": 152, "fields": {"country": "Nauru", "abbreviation": "NR", "flag": "images/flags/nr.png"}}, {"model": "accounts.country", "pk": 153, "fields": {"country": "Nepal", "abbreviation": "NP", "flag": "images/flags/np.png"}}, {"model": "accounts.country", "pk": 154, "fields": {"country": "Netherlands", "abbreviation": "NL", "flag": "images/flags/nl.png"}}, {"model": "accounts.country", "pk": 155, "fields": {"country": "Netherlands Antilles", "abbreviation": "AN", "flag": "images/flags/an.png"}}, {"model": "accounts.country", "pk": 156, "fields": {"country": "New Caledonia", "abbreviation": "NC", "flag": "images/flags/nc.png"}}, {"model": "accounts.country", "pk": 157, "fields": {"country": "New Zealand", "abbreviation": "NZ", "flag": "images/flags/nz.png"}}, {"model": "accounts.country", "pk": 158, "fields": {"country": "Nicaragua", "abbreviation": "NI", "flag": "images/flags/ni.png"}}, {"model": "accounts.country", "pk": 159, "fields": {"country": "Niger", "abbreviation": "NE", "flag": "images/flags/ne.png"}}, {"model": "accounts.country", "pk": 160, "fields": {"country": "Nigeria", "abbreviation": "NG", "flag": "images/flags/NG.png"}}, {"model": "accounts.country", "pk": 161, "fields": {"country": "Niue", "abbreviation": "NU", "flag": "images/flags/nu.png"}}, {"model": "accounts.country", "pk": 162, "fields": {"country": "Norfolk Island", "abbreviation": "NF", "flag": "images/flags/nf.png"}}, {"model": "accounts.country", "pk": 163, "fields": {"country": "Northern Mariana Islands", "abbreviation": "MP", "flag": "images/flags/mp.png"}}, {"model": "accounts.country", "pk": 164, "fields": {"country": "Norway", "abbreviation": "NO", "flag": "images/flags/no.png"}}, {"model": "accounts.country", "pk": 165, "fields": {"country": "Oman", "abbreviation": "OM", "flag": "images/flags/om.png"}}, {"model": "accounts.country", "pk": 166, "fields": {"country": "Pakistan", "abbreviation": "PK", "flag": "images/flags/pk.png"}}, {"model": "accounts.country", "pk": 167, "fields": {"country": "Palau", "abbreviation": "PW", "flag": "images/flags/pw.png"}}, {"model": "accounts.country", "pk": 168, "fields": {"country": "Palestinian Territory, Occupied", "abbreviation": "PS", "flag": "images/flags/ps.png"}}, {"model": "accounts.country", "pk": 169, "fields": {"country": "Panama", "abbreviation": "PA", "flag": "images/flags/pa.png"}}, {"model": "accounts.country", "pk": 170, "fields": {"country": "Papua New Guinea", "abbreviation": "PG", "flag": "images/flags/pg.png"}}, {"model": "accounts.country", "pk": 171, "fields": {"country": "Paraguay", "abbreviation": "PY", "flag": "images/flags/py.png"}}, {"model": "accounts.country", "pk": 172, "fields": {"country": "Peru", "abbreviation": "PE", "flag": "images/flags/pe.png"}}, {"model": "accounts.country", "pk": 173, "fields": {"country": "Philippines", "abbreviation": "PH", "flag": "images/flags/ph.png"}}, {"model": "accounts.country", "pk": 174, "fields": {"country": "Pitcairn", "abbreviation": "PN", "flag": "images/flags/pn.png"}}, {"model": "accounts.country", "pk": 175, "fields": {"country": "Poland", "abbreviation": "PL", "flag": "images/flags/pl.png"}}, {"model": "accounts.country", "pk": 176, "fields": {"country": "Portugal", "abbreviation": "PT", "flag": "images/flags/pt.png"}}, {"model": "accounts.country", "pk": 177, "fields": {"country": "Puerto Rico", "abbreviation": "PR", "flag": "images/flags/pr.png"}}, {"model": "accounts.country", "pk": 178, "fields": {"country": "Qatar", "abbreviation": "QA", "flag": "images/flags/qa.png"}}, {"model": "accounts.country", "pk": 179, "fields": {"country": "REunion", "abbreviation": "RE", "flag": "images/flags/re.png"}}, {"model": "accounts.country", "pk": 180, "fields": {"country": "Romania", "abbreviation": "RO", "flag": "images/flags/ro.png"}}, {"model": "accounts.country", "pk": 181, "fields": {"country": "Russian Federation", "abbreviation": "RU", "flag": "images/flags/ru.png"}}, {"model": "accounts.country", "pk": 182, "fields": {"country": "Rwanda", "abbreviation": "RW", "flag": "images/flags/rw.png"}}, {"model": "accounts.country", "pk": 183, "fields": {"country": "Saint BarthElemy", "abbreviation": "BL", "flag": "images/flags/bl.png"}}, {"model": "accounts.country", "pk": 184, "fields": {"country": "Saint Helena", "abbreviation": "SH", "flag": "images/flags/sh.png"}}, {"model": "accounts.country", "pk": 185, "fields": {"country": "Saint Kitts And Nevis", "abbreviation": "KN", "flag": "images/flags/kn.png"}}, {"model": "accounts.country", "pk": 186, "fields": {"country": "Saint Lucia", "abbreviation": "LC", "flag": "images/flags/lc.png"}}, {"model": "accounts.country", "pk": 187, "fields": {"country": "Saint Martin", "abbreviation": "MF", "flag": "images/flags/mf.png"}}, {"model": "accounts.country", "pk": 188, "fields": {"country": "Saint Pierre And Miquelon", "abbreviation": "PM", "flag": "images/flags/pm.png"}}, {"model": "accounts.country", "pk": 189, "fields": {"country": "Saint Vincent And The Grenadines", "abbreviation": "VC", "flag": "images/flags/vc.png"}}, {"model": "accounts.country", "pk": 190, "fields": {"country": "Samoa", "abbreviation": "WS", "flag": "images/flags/ws.png"}}, {"model": "accounts.country", "pk": 191, "fields": {"country": "San Marino", "abbreviation": "SM", "flag": "images/flags/sm.png"}}, {"model": "accounts.country", "pk": 192, "fields": {"country": "Sao Tome And Principe", "abbreviation": "ST", "flag": "images/flags/st.png"}}, {"model": "accounts.country", "pk": 193, "fields": {"country": "Saudi Arabia", "abbreviation": "SA", "flag": "images/flags/sa.png"}}, {"model": "accounts.country", "pk": 194, "fields": {"country": "Senegal", "abbreviation": "SN", "flag": "images/flags/sn.png"}}, {"model": "accounts.country", "pk": 195, "fields": {"country": "Serbia", "abbreviation": "RS", "flag": "images/flags/rs.png"}}, {"model": "accounts.country", "pk": 196, "fields": {"country": "Seychelles", "abbreviation": "SC", "flag": "images/flags/sc.png"}}, {"model": "accounts.country", "pk": 197, "fields": {"country": "Sierra Leone", "abbreviation": "SL", "flag": "images/flags/sl.png"}}, {"model": "accounts.country", "pk": 198, "fields": {"country": "Singapore", "abbreviation": "SG", "flag": "images/flags/sg.png"}}, {"model": "accounts.country", "pk": 199, "fields": {"country": "Slovakia", "abbreviation": "SK", "flag": "images/flags/sk.png"}}, {"model": "accounts.country", "pk": 200, "fields": {"country": "Slovenia", "abbreviation": "SI", "flag": "images/flags/si.png"}}, {"model": "accounts.country", "pk": 201, "fields": {"country": "Solomon Islands", "abbreviation": "SB", "flag": "images/flags/sb.png"}}, {"model": "accounts.country", "pk": 202, "fields": {"country": "Somalia", "abbreviation": "SO", "flag": "images/flags/so.png"}}, {"model": "accounts.country", "pk": 203, "fields": {"country": "South Africa", "abbreviation": "ZA", "flag": "images/flags/za.png"}}, {"model": "accounts.country", "pk": 204, "fields": {"country": "South Georgia And The South Sandwich Islands", "abbreviation": "GS", "flag": "images/flags/gs.png"}}, {"model": "accounts.country", "pk": 205, "fields": {"country": "Spain", "abbreviation": "ES", "flag": "images/flags/es.png"}}, {"model": "accounts.country", "pk": 206, "fields": {"country": "Sri Lanka", "abbreviation": "LK", "flag": "images/flags/lk.png"}}, {"model": "accounts.country", "pk": 207, "fields": {"country": "Sudan", "abbreviation": "SD", "flag": "images/flags/sd.png"}}, {"model": "accounts.country", "pk": 208, "fields": {"country": "Suriname", "abbreviation": "SR", "flag": "images/flags/sr.png"}}, {"model": "accounts.country", "pk": 209, "fields": {"country": "Svalbard And Jan Mayen", "abbreviation": "SJ", "flag": "images/flags/sj.png"}}, {"model": "accounts.country", "pk": 210, "fields": {"country": "Swaziland", "abbreviation": "SZ", "flag": "images/flags/sz.png"}}, {"model": "accounts.country", "pk": 211, "fields": {"country": "Sweden", "abbreviation": "SE", "flag": "images/flags/se.png"}}, {"model": "accounts.country", "pk": 212, "fields": {"country": "Switzerland", "abbreviation": "CH", "flag": "images/flags/ch.png"}}, {"model": "accounts.country", "pk": 213, "fields": {"country": "Syrian Arab Republic", "abbreviation": "SY", "flag": "images/flags/sy.png"}}, {"model": "accounts.country", "pk": 214, "fields": {"country": "Taiwan, Province Of China", "abbreviation": "TW", "flag": "images/flags/tw.png"}}, {"model": "accounts.country", "pk": 215, "fields": {"country": "Tajikistan", "abbreviation": "TJ", "flag": "images/flags/tj.png"}}, {"model": "accounts.country", "pk": 216, "fields": {"country": "Tanzania, United Republic Of", "abbreviation": "TZ", "flag": "images/flags/tz.png"}}, {"model": "accounts.country", "pk": 217, "fields": {"country": "Thailand", "abbreviation": "TH", "flag": "images/flags/th.png"}}, {"model": "accounts.country", "pk": 218, "fields": {"country": "Timor-leste", "abbreviation": "TL", "flag": "images/flags/tl.png"}}, {"model": "accounts.country", "pk": 219, "fields": {"country": "Togo", "abbreviation": "TG", "flag": "images/flags/tg.png"}}, {"model": "accounts.country", "pk": 220, "fields": {"country": "Tokelau", "abbreviation": "TK", "flag": "images/flags/tk.png"}}, {"model": "accounts.country", "pk": 221, "fields": {"country": "Tonga", "abbreviation": "TO", "flag": "images/flags/to.png"}}, {"model": "accounts.country", "pk": 222, "fields": {"country": "Trinidad And Tobago", "abbreviation": "TT", "flag": "images/flags/tt.png"}}, {"model": "accounts.country", "pk": 223, "fields": {"country": "Tunisia", "abbreviation": "TN", "flag": "images/flags/tn.png"}}, {"model": "accounts.country", "pk": 224, "fields": {"country": "Turkey", "abbreviation": "TR", "flag": "images/flags/tr.png"}}, {"model": "accounts.country", "pk": 225, "fields": {"country": "Turkmenistan", "abbreviation": "TM", "flag": "images/flags/tm.png"}}, {"model": "accounts.country", "pk": 226, "fields": {"country": "Turks And Caicos Islands", "abbreviation": "TC", "flag": "images/flags/tc.png"}}, {"model": "accounts.country", "pk": 227, "fields": {"country": "Tuvalu", "abbreviation": "TV", "flag": "images/flags/tv.png"}}, {"model": "accounts.country", "pk": 228, "fields": {"country": "Uganda", "abbreviation": "UG", "flag": "images/flags/ug.png"}}, {"model": "accounts.country", "pk": 229, "fields": {"country": "Ukraine", "abbreviation": "UA", "flag": "images/flags/ua.png"}}, {"model": "accounts.country", "pk": 230, "fields": {"country": "United Arab Emirates", "abbreviation": "AE", "flag": "images/flags/ae.png"}}, {"model": "accounts.country", "pk": 231, "fields": {"country": "United Kingdom", "abbreviation": "GB", "flag": "images/flags/gb.png"}}, {"model": "accounts.country", "pk": 232, "fields": {"country": "United States", "abbreviation": "US", "flag": "images/flags/us.png"}}, {"model": "accounts.country", "pk": 233, "fields": {"country": "United States Minor Outlying Islands", "abbreviation": "UM", "flag": "images/flags/um.png"}}, {"model": "accounts.country", "pk": 234, "fields": {"country": "Uruguay", "abbreviation": "UY", "flag": "images/flags/uy.png"}}, {"model": "accounts.country", "pk": 235, "fields": {"country": "Uzbekistan", "abbreviation": "UZ", "flag": "images/flags/uz.png"}}, {"model": "accounts.country", "pk": 236, "fields": {"country": "Vanuatu", "abbreviation": "VU", "flag": "images/flags/vu.png"}}, {"model": "accounts.country", "pk": 237, "fields": {"country": "Vatican City State", "abbreviation": "VA", "flag": "images/flags/va.png"}}, {"model": "accounts.country", "pk": 238, "fields": {"country": "Venezuela", "abbreviation": "VE", "flag": "images/flags/ve.png"}}, {"model": "accounts.country", "pk": 239, "fields": {"country": "Viet Nam", "abbreviation": "VN", "flag": "images/flags/vn.png"}}, {"model": "accounts.country", "pk": 240, "fields": {"country": "Virgin Islands, British", "abbreviation": "VG", "flag": "images/flags/vg.png"}}, {"model": "accounts.country", "pk": 241, "fields": {"country": "Virgin Islands, U.s.", "abbreviation": "VI", "flag": "images/flags/vi.png"}}, {"model": "accounts.country", "pk": 242, "fields": {"country": "Wallis And Futuna", "abbreviation": "WF", "flag": "images/flags/wf.png"}}, {"model": "accounts.country", "pk": 243, "fields": {"country": "Western Sahara", "abbreviation": "EH", "flag": "images/flags/eh.png"}}, {"model": "accounts.country", "pk": 244, "fields": {"country": "Yemen", "abbreviation": "YE", "flag": "images/flags/ye.png"}}, {"model": "accounts.country", "pk": 245, "fields": {"country": "Zambia", "abbreviation": "ZM", "flag": "images/flags/zm.png"}}, {"model": "accounts.country", "pk": 246, "fields": {"country": "Zimbabwe", "abbreviation": "ZW", "flag": "images/flags/zw.png"}}, {"model": "accounts.state", "pk": 1, "fields": {"state": "Alabama", "abbreviation": "AL", "country": 232}}, {"model": "accounts.state", "pk": 2, "fields": {"state": "Arkansas", "abbreviation": "AK", "country": 232}}, {"model": "accounts.state", "pk": 3, "fields": {"state": "Arizona", "abbreviation": "AZ", "country": 232}}, {"model": "accounts.state", "pk": 4, "fields": {"state": "Arkansas", "abbreviation": "AR", "country": 232}}, {"model": "accounts.state", "pk": 5, "fields": {"state": "California", "abbreviation": "CA", "country": 232}}, {"model": "accounts.state", "pk": 6, "fields": {"state": "Colorado", "abbreviation": "CO", "country": 232}}, {"model": "accounts.state", "pk": 7, "fields": {"state": "Connecticut", "abbreviation": "CT", "country": 232}}, {"model": "accounts.state", "pk": 8, "fields": {"state": "Delaware", "abbreviation": "DE", "country": 232}}, {"model": "accounts.state", "pk": 9, "fields": {"state": "District of Columbia", "abbreviation": "DC", "country": 232}}, {"model": "accounts.state", "pk": 10, "fields": {"state": "Florida", "abbreviation": "FL", "country": 232}}, {"model": "accounts.state", "pk": 11, "fields": {"state": "Georgia", "abbreviation": "GA", "country": 232}}, {"model": "accounts.state", "pk": 12, "fields": {"state": "Hawaii", "abbreviation": "HI", "country": 232}}, {"model": "accounts.state", "pk": 13, "fields": {"state": "Idaho", "abbreviation": "ID", "country": 232}}, {"model": "accounts.state", "pk": 14, "fields": {"state": "Illinois", "abbreviation": "IL", "country": 232}}, {"model": "accounts.state", "pk": 15, "fields": {"state": "Indiana", "abbreviation": "IN", "country": 232}}, {"model": "accounts.state", "pk": 16, "fields": {"state": "Iowa", "abbreviation": "IA", "country": 232}}, {"model": "accounts.state", "pk": 17, "fields": {"state": "Kansas", "abbreviation": "KS", "country": 232}}, {"model": "accounts.state", "pk": 18, "fields": {"state": "Kentucky", "abbreviation": "KY", "country": 232}}, {"model": "accounts.state", "pk": 19, "fields": {"state": "Louisiana", "abbreviation": "LA", "country": 232}}, {"model": "accounts.state", "pk": 20, "fields": {"state": "Maine", "abbreviation": "ME", "country": 232}}, {"model": "accounts.state", "pk": 21, "fields": {"state": "Maryland", "abbreviation": "MD", "country": 232}}, {"model": "accounts.state", "pk": 22, "fields": {"state": "Massachusetts", "abbreviation": "MA", "country": 232}}, {"model": "accounts.state", "pk": 23, "fields": {"state": "Michigan", "abbreviation": "MI", "country": 232}}, {"model": "accounts.state", "pk": 24, "fields": {"state": "Minnesota", "abbreviation": "MN", "country": 232}}, {"model": "accounts.state", "pk": 25, "fields": {"state": "Mississippi", "abbreviation": "MS", "country": 232}}, {"model": "accounts.state", "pk": 26, "fields": {"state": "Missouri", "abbreviation": "MO", "country": 232}}, {"model": "accounts.state", "pk": 27, "fields": {"state": "Montana", "abbreviation": "MT", "country": 232}}, {"model": "accounts.state", "pk": 28, "fields": {"state": "Nebraska", "abbreviation": "NE", "country": 232}}, {"model": "accounts.state", "pk": 29, "fields": {"state": "Nevada", "abbreviation": "NV", "country": 232}}, {"model": "accounts.state", "pk": 30, "fields": {"state": "New Hampshire", "abbreviation": "NH", "country": 232}}, {"model": "accounts.state", "pk": 31, "fields": {"state": "New Jersey", "abbreviation": "NJ", "country": 232}}, {"model": "accounts.state", "pk": 32, "fields": {"state": "New Mexico", "abbreviation": "NM", "country": 232}}, {"model": "accounts.state", "pk": 33, "fields": {"state": "New York", "abbreviation": "NY", "country": 232}}, {"model": "accounts.state", "pk": 34, "fields": {"state": "North Carolina", "abbreviation": "NC", "country": 232}}, {"model": "accounts.state", "pk": 35, "fields": {"state": "North Dakota", "abbreviation": "ND", "country": 232}}, {"model": "accounts.state", "pk": 36, "fields": {"state": "Ohio", "abbreviation": "OH", "country": 232}}, {"model": "accounts.state", "pk": 37, "fields": {"state": "Oklahoma", "abbreviation": "OK", "country": 232}}, {"model": "accounts.state", "pk": 38, "fields": {"state": "Oregon", "abbreviation": "OR", "country": 232}}, {"model": "accounts.state", "pk": 39, "fields": {"state": "Pennsylvania", "abbreviation": "PA", "country": 232}}, {"model": "accounts.state", "pk": 40, "fields": {"state": "Rhode Island", "abbreviation": "RI", "country": 232}}, {"model": "accounts.state", "pk": 41, "fields": {"state": "South Carolina", "abbreviation": "SC", "country": 232}}, {"model": "accounts.state", "pk": 42, "fields": {"state": "South Dakota", "abbreviation": "SD", "country": 232}}, {"model": "accounts.state", "pk": 43, "fields": {"state": "Tennessee", "abbreviation": "TN", "country": 232}}, {"model": "accounts.state", "pk": 44, "fields": {"state": "Texas", "abbreviation": "TX", "country": 232}}, {"model": "accounts.state", "pk": 45, "fields": {"state": "Utah", "abbreviation": "UT", "country": 232}}, {"model": "accounts.state", "pk": 46, "fields": {"state": "Vermont", "abbreviation": "VT", "country": 232}}, {"model": "accounts.state", "pk": 47, "fields": {"state": "Virginia", "abbreviation": "VA", "country": 232}}, {"model": "accounts.state", "pk": 48, "fields": {"state": "Washington", "abbreviation": "WA", "country": 232}}, {"model": "accounts.state", "pk": 49, "fields": {"state": "West Virginia", "abbreviation": "WV", "country": 232}}, {"model": "accounts.state", "pk": 50, "fields": {"state": "Wisconsin", "abbreviation": "WI", "country": 232}}, {"model": "accounts.state", "pk": 51, "fields": {"state": "Wyoming", "abbreviation": "WY", "country": 232}}, {"model": "accounts.state", "pk": 52, "fields": {"state": "American Samoa", "abbreviation": "AS", "country": 233}}, {"model": "accounts.state", "pk": 53, "fields": {"state": "Guam", "abbreviation": "GU", "country": 233}}, {"model": "accounts.state", "pk": 54, "fields": {"state": "Northern Mariana Islands", "abbreviation": "MP", "country": 233}}, {"model": "accounts.state", "pk": 55, "fields": {"state": "Puerto Rico", "abbreviation": "PR", "country": 233}}, {"model": "accounts.state", "pk": 56, "fields": {"state": "Virgin Islands", "abbreviation": "VI", "country": 233}}, {"model": "accounts.sector", "pk": 1, "fields": {"sector": "Industry"}}, {"model": "accounts.sector", "pk": 2, "fields": {"sector": "Academia"}}, {"model": "accounts.sector", "pk": 3, "fields": {"sector": "Government"}}, {"model": "accounts.sector", "pk": 4, "fields": {"sector": "Non-profit/NGO"}}, {"model": "accounts.sector", "pk": 5, "fields": {"sector": "Other"}}, {"model": "accounts.role", "pk": 1, "fields": {"role": "Management"}}, {"model": "accounts.role", "pk": 2, "fields": {"role": "Technical Professional (Engineer / Scientist)"}}, {"model": "accounts.role", "pk": 3, "fields": {"role": "Professor"}}, {"model": "accounts.role", "pk": 4, "fields": {"role": "Student"}}, {"model": "accounts.role", "pk": 5, "fields": {"role": "Other"}}, {"model": "FoodWaste.existingdatasource", "pk": 1, "fields": {"name": "Abstract"}}, {"model": "FoodWaste.existingdatasource", "pk": 2, "fields": {"name": "Book"}}, {"model": "FoodWaste.existingdatasource", "pk": 3, "fields": {"name": "Book Chapter"}}, {"model": "FoodWaste.existingdatasource", "pk": 4, "fields": {"name": "Computer Product"}}, {"model": "FoodWaste.existingdatasource", "pk": 5, "fields": {"name": "Journal Article"}}, {"model": "FoodWaste.existingdatasource", "pk": 6, "fields": {"name": "Manual"}}, {"model": "FoodWaste.existingdatasource", "pk": 7, "fields": {"name": "Presentation"}}, {"model": "FoodWaste.existingdatasource", "pk": 8, "fields": {"name": "Proceedings"}}, {"model": "FoodWaste.existingdatasource", "pk": 9, "fields": {"name": "Report"}}, {"model": "FoodWaste.existingdatasource", "pk": 10, "fields": {"name": "Scientific Data: Datasets"}}, {"model": "FoodWaste.existingdatasource", "pk": 11, "fields": {"name": "Other"}}, {"model": "FoodWaste.dataattachmentmap", "pk": 3, "fields": {"data": 3, "attachment": 4}}, {"model": "FoodWaste.dataattachmentmap", "pk": 5, "fields": {"data": 10, "attachment": 6}}, {"model": "FoodWaste.existingdatasharingteammap", "pk": 1, "fields": {"added_date": "2019-10-25T15:33:12.790Z", "data": 1, "team": 4, "can_edit": true}}, {"model": "FoodWaste.existingdatasharingteammap", "pk": 3, "fields": {"added_date": "2019-10-25T16:23:33.362Z", "data": 3, "team": 4, "can_edit": true}}, {"model": "FoodWaste.existingdatasharingteammap", "pk": 4, "fields": {"added_date": "2019-10-30T10:23:24.155Z", "data": 4, "team": 4, "can_edit": true}}, {"model": "FoodWaste.existingdatasharingteammap", "pk": 5, "fields": {"added_date": "2019-10-30T10:32:37.226Z", "data": 5, "team": 4, "can_edit": true}}, {"model": "FoodWaste.existingdatasharingteammap", "pk": 6, "fields": {"added_date": "2019-10-30T10:47:29.847Z", "data": 6, "team": 4, "can_edit": true}}, {"model": "FoodWaste.existingdatasharingteammap", "pk": 8, "fields": {"added_date": "2019-10-30T18:41:06.788Z", "data": 8, "team": 4, "can_edit": true}}, {"model": "FoodWaste.existingdatasharingteammap", "pk": 10, "fields": {"added_date": "2019-11-01T10:11:49.756Z", "data": 10, "team": 4, "can_edit": true}}, {"model": "FoodWaste.existingdatasharingteammap", "pk": 11, "fields": {"added_date": "2019-11-01T12:59:06.817Z", "data": 11, "team": 4, "can_edit": true}}, {"model": "FoodWaste.existingdatasharingteammap", "pk": 12, "fields": {"added_date": "2019-11-04T15:40:33.895Z", "data": 12, "team": 4, "can_edit": true}}, {"model": "FoodWaste.existingdatasharingteammap", "pk": 13, "fields": {"added_date": "2019-11-06T15:54:23.393Z", "data": 13, "team": 18, "can_edit": true}}, {"model": "auth.permission", "pk": 1, "fields": {"name": "Can add country", "content_type": 1, "codename": "add_country"}}, {"model": "auth.permission", "pk": 2, "fields": {"name": "Can change country", "content_type": 1, "codename": "change_country"}}, {"model": "auth.permission", "pk": 3, "fields": {"name": "Can delete country", "content_type": 1, "codename": "delete_country"}}, {"model": "auth.permission", "pk": 4, "fields": {"name": "Can view country", "content_type": 1, "codename": "view_country"}}, {"model": "auth.permission", "pk": 5, "fields": {"name": "Can add role", "content_type": 2, "codename": "add_role"}}, {"model": "auth.permission", "pk": 6, "fields": {"name": "Can change role", "content_type": 2, "codename": "change_role"}}, {"model": "auth.permission", "pk": 7, "fields": {"name": "Can delete role", "content_type": 2, "codename": "delete_role"}}, {"model": "auth.permission", "pk": 8, "fields": {"name": "Can view role", "content_type": 2, "codename": "view_role"}}, {"model": "auth.permission", "pk": 9, "fields": {"name": "Can add sector", "content_type": 3, "codename": "add_sector"}}, {"model": "auth.permission", "pk": 10, "fields": {"name": "Can change sector", "content_type": 3, "codename": "change_sector"}}, {"model": "auth.permission", "pk": 11, "fields": {"name": "Can delete sector", "content_type": 3, "codename": "delete_sector"}}, {"model": "auth.permission", "pk": 12, "fields": {"name": "Can view sector", "content_type": 3, "codename": "view_sector"}}, {"model": "auth.permission", "pk": 13, "fields": {"name": "Can add state", "content_type": 4, "codename": "add_state"}}, {"model": "auth.permission", "pk": 14, "fields": {"name": "Can change state", "content_type": 4, "codename": "change_state"}}, {"model": "auth.permission", "pk": 15, "fields": {"name": "Can delete state", "content_type": 4, "codename": "delete_state"}}, {"model": "auth.permission", "pk": 16, "fields": {"name": "Can view state", "content_type": 4, "codename": "view_state"}}, {"model": "auth.permission", "pk": 17, "fields": {"name": "Can add user profile", "content_type": 5, "codename": "add_userprofile"}}, {"model": "auth.permission", "pk": 18, "fields": {"name": "Can change user profile", "content_type": 5, "codename": "change_userprofile"}}, {"model": "auth.permission", "pk": 19, "fields": {"name": "Can delete user profile", "content_type": 5, "codename": "delete_userprofile"}}, {"model": "auth.permission", "pk": 20, "fields": {"name": "Can view user profile", "content_type": 5, "codename": "view_userprofile"}}, {"model": "auth.permission", "pk": 21, "fields": {"name": "Can add information request", "content_type": 6, "codename": "add_informationrequest"}}, {"model": "auth.permission", "pk": 22, "fields": {"name": "Can change information request", "content_type": 6, "codename": "change_informationrequest"}}, {"model": "auth.permission", "pk": 23, "fields": {"name": "Can delete information request", "content_type": 6, "codename": "delete_informationrequest"}}, {"model": "auth.permission", "pk": 24, "fields": {"name": "Can view information request", "content_type": 6, "codename": "view_informationrequest"}}, {"model": "auth.permission", "pk": 25, "fields": {"name": "Can add priority", "content_type": 7, "codename": "add_priority"}}, {"model": "auth.permission", "pk": 26, "fields": {"name": "Can change priority", "content_type": 7, "codename": "change_priority"}}, {"model": "auth.permission", "pk": 27, "fields": {"name": "Can delete priority", "content_type": 7, "codename": "delete_priority"}}, {"model": "auth.permission", "pk": 28, "fields": {"name": "Can view priority", "content_type": 7, "codename": "view_priority"}}, {"model": "auth.permission", "pk": 29, "fields": {"name": "Can add support", "content_type": 8, "codename": "add_support"}}, {"model": "auth.permission", "pk": 30, "fields": {"name": "Can change support", "content_type": 8, "codename": "change_support"}}, {"model": "auth.permission", "pk": 31, "fields": {"name": "Can delete support", "content_type": 8, "codename": "delete_support"}}, {"model": "auth.permission", "pk": 32, "fields": {"name": "Can view support", "content_type": 8, "codename": "view_support"}}, {"model": "auth.permission", "pk": 33, "fields": {"name": "Can add support type", "content_type": 9, "codename": "add_supporttype"}}, {"model": "auth.permission", "pk": 34, "fields": {"name": "Can change support type", "content_type": 9, "codename": "change_supporttype"}}, {"model": "auth.permission", "pk": 35, "fields": {"name": "Can delete support type", "content_type": 9, "codename": "delete_supporttype"}}, {"model": "auth.permission", "pk": 36, "fields": {"name": "Can view support type", "content_type": 9, "codename": "view_supporttype"}}, {"model": "auth.permission", "pk": 37, "fields": {"name": "Can add team", "content_type": 10, "codename": "add_team"}}, {"model": "auth.permission", "pk": 38, "fields": {"name": "Can change team", "content_type": 10, "codename": "change_team"}}, {"model": "auth.permission", "pk": 39, "fields": {"name": "Can delete team", "content_type": 10, "codename": "delete_team"}}, {"model": "auth.permission", "pk": 40, "fields": {"name": "Can view team", "content_type": 10, "codename": "view_team"}}, {"model": "auth.permission", "pk": 41, "fields": {"name": "Can add team membership", "content_type": 11, "codename": "add_teammembership"}}, {"model": "auth.permission", "pk": 42, "fields": {"name": "Can change team membership", "content_type": 11, "codename": "change_teammembership"}}, {"model": "auth.permission", "pk": 43, "fields": {"name": "Can delete team membership", "content_type": 11, "codename": "delete_teammembership"}}, {"model": "auth.permission", "pk": 44, "fields": {"name": "Can view team membership", "content_type": 11, "codename": "view_teammembership"}}, {"model": "auth.permission", "pk": 45, "fields": {"name": "Can add log entry", "content_type": 12, "codename": "add_logentry"}}, {"model": "auth.permission", "pk": 46, "fields": {"name": "Can change log entry", "content_type": 12, "codename": "change_logentry"}}, {"model": "auth.permission", "pk": 47, "fields": {"name": "Can delete log entry", "content_type": 12, "codename": "delete_logentry"}}, {"model": "auth.permission", "pk": 48, "fields": {"name": "Can view log entry", "content_type": 12, "codename": "view_logentry"}}, {"model": "auth.permission", "pk": 49, "fields": {"name": "Can add permission", "content_type": 13, "codename": "add_permission"}}, {"model": "auth.permission", "pk": 50, "fields": {"name": "Can change permission", "content_type": 13, "codename": "change_permission"}}, {"model": "auth.permission", "pk": 51, "fields": {"name": "Can delete permission", "content_type": 13, "codename": "delete_permission"}}, {"model": "auth.permission", "pk": 52, "fields": {"name": "Can view permission", "content_type": 13, "codename": "view_permission"}}, {"model": "auth.permission", "pk": 53, "fields": {"name": "Can add group", "content_type": 14, "codename": "add_group"}}, {"model": "auth.permission", "pk": 54, "fields": {"name": "Can change group", "content_type": 14, "codename": "change_group"}}, {"model": "auth.permission", "pk": 55, "fields": {"name": "Can delete group", "content_type": 14, "codename": "delete_group"}}, {"model": "auth.permission", "pk": 56, "fields": {"name": "Can view group", "content_type": 14, "codename": "view_group"}}, {"model": "auth.permission", "pk": 57, "fields": {"name": "Can add user", "content_type": 15, "codename": "add_user"}}, {"model": "auth.permission", "pk": 58, "fields": {"name": "Can change user", "content_type": 15, "codename": "change_user"}}, {"model": "auth.permission", "pk": 59, "fields": {"name": "Can delete user", "content_type": 15, "codename": "delete_user"}}, {"model": "auth.permission", "pk": 60, "fields": {"name": "Can view user", "content_type": 15, "codename": "view_user"}}, {"model": "auth.permission", "pk": 61, "fields": {"name": "Can add content type", "content_type": 16, "codename": "add_contenttype"}}, {"model": "auth.permission", "pk": 62, "fields": {"name": "Can change content type", "content_type": 16, "codename": "change_contenttype"}}, {"model": "auth.permission", "pk": 63, "fields": {"name": "Can delete content type", "content_type": 16, "codename": "delete_contenttype"}}, {"model": "auth.permission", "pk": 64, "fields": {"name": "Can view content type", "content_type": 16, "codename": "view_contenttype"}}, {"model": "auth.permission", "pk": 65, "fields": {"name": "Can add session", "content_type": 17, "codename": "add_session"}}, {"model": "auth.permission", "pk": 66, "fields": {"name": "Can change session", "content_type": 17, "codename": "change_session"}}, {"model": "auth.permission", "pk": 67, "fields": {"name": "Can delete session", "content_type": 17, "codename": "delete_session"}}, {"model": "auth.permission", "pk": 68, "fields": {"name": "Can view session", "content_type": 17, "codename": "view_session"}}, {"model": "auth.permission", "pk": 69, "fields": {"name": "Can add tracking tool", "content_type": 18, "codename": "add_trackingtool"}}, {"model": "auth.permission", "pk": 70, "fields": {"name": "Can change tracking tool", "content_type": 18, "codename": "change_trackingtool"}}, {"model": "auth.permission", "pk": 71, "fields": {"name": "Can delete tracking tool", "content_type": 18, "codename": "delete_trackingtool"}}, {"model": "auth.permission", "pk": 72, "fields": {"name": "Can view tracking tool", "content_type": 18, "codename": "view_trackingtool"}}, {"model": "auth.permission", "pk": 73, "fields": {"name": "Can add secondary data sharing team map", "content_type": 19, "codename": "add_secondarydatasharingteammap"}}, {"model": "auth.permission", "pk": 74, "fields": {"name": "Can change secondary data sharing team map", "content_type": 19, "codename": "change_secondarydatasharingteammap"}}, {"model": "auth.permission", "pk": 75, "fields": {"name": "Can delete secondary data sharing team map", "content_type": 19, "codename": "delete_secondarydatasharingteammap"}}, {"model": "auth.permission", "pk": 76, "fields": {"name": "Can view secondary data sharing team map", "content_type": 19, "codename": "view_secondarydatasharingteammap"}}, {"model": "auth.permission", "pk": 77, "fields": {"name": "Can add data attachment map", "content_type": 20, "codename": "add_dataattachmentmap"}}, {"model": "auth.permission", "pk": 78, "fields": {"name": "Can change data attachment map", "content_type": 20, "codename": "change_dataattachmentmap"}}, {"model": "auth.permission", "pk": 79, "fields": {"name": "Can delete data attachment map", "content_type": 20, "codename": "delete_dataattachmentmap"}}, {"model": "auth.permission", "pk": 80, "fields": {"name": "Can view data attachment map", "content_type": 20, "codename": "view_dataattachmentmap"}}, {"model": "auth.permission", "pk": 81, "fields": {"name": "Can add attachment", "content_type": 21, "codename": "add_attachment"}}, {"model": "auth.permission", "pk": 82, "fields": {"name": "Can change attachment", "content_type": 21, "codename": "change_attachment"}}, {"model": "auth.permission", "pk": 83, "fields": {"name": "Can delete attachment", "content_type": 21, "codename": "delete_attachment"}}, {"model": "auth.permission", "pk": 84, "fields": {"name": "Can view attachment", "content_type": 21, "codename": "view_attachment"}}, {"model": "auth.permission", "pk": 85, "fields": {"name": "Can add secondary existing data", "content_type": 22, "codename": "add_secondaryexistingdata"}}, {"model": "auth.permission", "pk": 86, "fields": {"name": "Can change secondary existing data", "content_type": 22, "codename": "change_secondaryexistingdata"}}, {"model": "auth.permission", "pk": 87, "fields": {"name": "Can delete secondary existing data", "content_type": 22, "codename": "delete_secondaryexistingdata"}}, {"model": "auth.permission", "pk": 88, "fields": {"name": "Can view secondary existing data", "content_type": 22, "codename": "view_secondaryexistingdata"}}, {"model": "auth.permission", "pk": 89, "fields": {"name": "Can add existing data", "content_type": 23, "codename": "add_existingdata"}}, {"model": "auth.permission", "pk": 90, "fields": {"name": "Can change existing data", "content_type": 23, "codename": "change_existingdata"}}, {"model": "auth.permission", "pk": 91, "fields": {"name": "Can delete existing data", "content_type": 23, "codename": "delete_existingdata"}}, {"model": "auth.permission", "pk": 92, "fields": {"name": "Can view existing data", "content_type": 23, "codename": "view_existingdata"}}, {"model": "auth.permission", "pk": 93, "fields": {"name": "Can add existing data sharing team map", "content_type": 24, "codename": "add_existingdatasharingteammap"}}, {"model": "auth.permission", "pk": 94, "fields": {"name": "Can change existing data sharing team map", "content_type": 24, "codename": "change_existingdatasharingteammap"}}, {"model": "auth.permission", "pk": 95, "fields": {"name": "Can delete existing data sharing team map", "content_type": 24, "codename": "delete_existingdatasharingteammap"}}, {"model": "auth.permission", "pk": 96, "fields": {"name": "Can view existing data sharing team map", "content_type": 24, "codename": "view_existingdatasharingteammap"}}, {"model": "auth.permission", "pk": 97, "fields": {"name": "Can add existing data source", "content_type": 25, "codename": "add_existingdatasource"}}, {"model": "auth.permission", "pk": 98, "fields": {"name": "Can change existing data source", "content_type": 25, "codename": "change_existingdatasource"}}, {"model": "auth.permission", "pk": 99, "fields": {"name": "Can delete existing data source", "content_type": 25, "codename": "delete_existingdatasource"}}, {"model": "auth.permission", "pk": 100, "fields": {"name": "Can view existing data source", "content_type": 25, "codename": "view_existingdatasource"}}, {"model": "auth.permission", "pk": 101, "fields": {"name": "Can add support attachment", "content_type": 26, "codename": "add_supportattachment"}}, {"model": "auth.permission", "pk": 102, "fields": {"name": "Can change support attachment", "content_type": 26, "codename": "change_supportattachment"}}, {"model": "auth.permission", "pk": 103, "fields": {"name": "Can delete support attachment", "content_type": 26, "codename": "delete_supportattachment"}}, {"model": "auth.permission", "pk": 104, "fields": {"name": "Can view support attachment", "content_type": 26, "codename": "view_supportattachment"}}, {"model": "auth.group", "pk": 1, "fields": {"name": "Environmental Decision Analytics Branch (EDAB)", "permissions": [1, 2, 3, 4, 5, 6, 7, 8, 9, 10, 11, 12, 13, 14, 15, 16, 17, 18, 19, 20, 45, 46, 47, 48, 53, 54, 55, 56, 49, 50, 51, 52, 57, 58, 59, 60, 61, 62, 63, 64, 81, 82, 83, 84, 77, 78, 79, 80, 89, 90, 91, 92, 93, 94, 95, 96, 73, 74, 75, 76, 85, 86, 87, 88, 69, 70, 71, 72, 65, 66, 67, 68, 21, 22, 23, 24, 25, 26, 27, 28, 29, 30, 31, 32, 33, 34, 35, 36, 37, 38, 39, 40, 41, 42, 43, 44]}}, {"model": "auth.user", "pk": 1, "fields": {"password": "pbkdf2_sha256$150000$P1eBewFCe2RE$9/jU/stOm+YZ4f2IP4PFpsbv/qTeZHc8ttJ9izrdG6M=", "last_login": "2020-01-03T15:52:33.860Z", "is_superuser": true, "username": "dyoung11", "first_name": "Daniel", "last_name": "Young", "email": "young.daniel@epa.gov", "is_staff": true, "is_active": true, "date_joined": "2019-07-16T08:00:00Z", "groups": [], "user_permissions": []}}, {"model": "teams.teammembership", "pk": 4, "fields": {"added_date": "2019-10-24T09:46:18.917Z", "member": 1, "team": 4, "is_owner": true, "can_edit": true}}, {"model": "teams.teammembership", "pk": 8, "fields": {"added_date": "2019-10-30T20:16:26.475Z", "member": 1, "team": 15, "is_owner": true, "can_edit": true}}, {"model": "teams.teammembership", "pk": 10, "fields": {"added_date": "2019-11-01T10:03:27.245Z", "member": 1, "team": 17, "is_owner": true, "can_edit": true}}, {"model": "teams.teammembership", "pk": 11, "fields": {"added_date": "2019-11-06T15:52:18.137Z", "member": 1, "team": 18, "is_owner": true, "can_edit": true}}, {"model": "teams.teammembership", "pk": 12, "fields": {"added_date": "2019-11-07T10:49:56.279Z", "member": 1, "team": 19, "is_owner": true, "can_edit": true}}, {"model": "teams.team", "pk": 4, "fields": {"created_date": "2019-10-24T09:46:18.909Z", "created_by": 1, "last_modified_date": "2019-11-05T21:05:15.025Z", "last_modified_by": 1, "name": "FoodWaste"}}, {"model": "teams.team", "pk": 15, "fields": {"created_date": "2019-10-30T20:16:26.468Z", "created_by": 1, "last_modified_date": "2019-11-01T10:02:13.999Z", "last_modified_by": 1, "name": "OLEM/ORCR"}}, {"model": "teams.team", "pk": 17, "fields": {"created_date": "2019-11-01T10:03:27.238Z", "created_by": 1, "last_modified_date": "2019-11-01T10:03:27.238Z", "last_modified_by": 1, "name": "ORD/IOAA"}}, {"model": "teams.team", "pk": 18, "fields": {"created_date": "2019-11-06T15:52:18.117Z", "created_by": 1, "last_modified_date": "2019-11-06T15:52:18.117Z", "last_modified_by": 1, "name": "WARM-USEEIO"}}, {"model": "teams.team", "pk": 19, "fields": {"created_date": "2019-11-07T10:49:56.269Z", "created_by": 1, "last_modified_date": "2019-11-07T10:49:56.269Z", "last_modified_by": 1, "name": "CSS Plastic Recycling Process"}}, {"model": "support.supporttype", "pk": 1, "fields": {"created": null, "modified": null, "created_by": null, "last_modified_by": null, "user": null, "the_name": "help", "the_description": null, "weblink": null, "ordering": null}}, {"model": "support.supporttype", "pk": 2, "fields": {"created": null, "modified": null, "created_by": null, "last_modified_by": null, "user": null, "the_name": "suggestion", "the_description": null, "weblink": null, "ordering": null}}, {"model": "FoodWaste.existingdata", "pk": 1, "fields": {"work": "ORD/CESER/LRTD/EDAB", "email": "young.daniel@epa.gov", "phone": "(513) 569-7451", "search": "Food Waste Plastic", "source": 1, "source_title": "Co-pyrolysis characteristics and kinetic analysis of organic food waste and plastic", "keywords": null, "url": "https://www.sciencedirect.com/science/article/pii/S0960852417317893/", "disclaimer_req": true, "citation": "https://www.sciencedirect.com/science/article/pii/S0960852417317893", "date_accessed": "2019-10-25T12:40:43Z", "comments": "https://www.sciencedirect.com/science/article/pii/S0960852417317893", "created_by": 1}}, {"model": "FoodWaste.existingdata", "pk": 3, "fields": {"work": "ORD/CESER/LRTD/EDAB", "email": "young.daniel@epa.gov", "phone": "(513) 569-7451", "search": "Food Waste De-Packaging", "source": 1, "source_title": "SYSTEMIS AND METHODS FOR ENVIRONMENTALLY UNIDISRUPTIVE DISPOSAL OF FOOD WASTE", "keywords": null, "url": "https://patentimages.storage.googleapis.com/5b/19/87/07322cddd0a739/US20100071602A1.pdf", "disclaimer_req": false, "citation": "https://patentimages.storage.googleapis.com/5b/19/87/07322cddd0a739/US20100071602A1.pdf", "date_accessed": "2019-10-25T12:41:05Z", "comments": "Abstract. A processing facility can dispose of food waste in environmentally un-disruptive manners. The processing facility can convert the food waste into bio-energy and bio-fuel products, such as bio-diesel, ethanol, and electricity. The processing facility can sort the food waste based on the fats or carbohydrates content of the food waste, and the processing facility can include a fluidized bed combustion module for combusting portions of the food waste.", "created_by": 1}}, {"model": "FoodWaste.existingdata", "pk": 4, "fields": {"work": "ORD/CESER/LRTD/EDAB", "email": "young.daniel@epa.gov", "phone": "(513) 569-7451", "search": "Food Waste Recovery", "source": 1, "source_title": "Comparison through a LCA evaluation analysis of food waste disposal options from the perspective of global warming and resource recovery", "keywords": null, "url": "https://www.sciencedirect.com/science/article/pii/S0048969710004456?via%3Dihub", "disclaimer_req": false, "citation": "Mi-Hyung Kim, Jung-Wk Kim. Elsevier.  https://www.sciencedirect.com/science/article/pii/S0048969710004456. https://doi.org/10.1016/j.scitotenv.2010.04.049.", "date_accessed": "2019-10-30T10:23:24Z", "comments": "Keywords: Food waste management,  Life cycle assessment, Resource recovery, Environmental impacts.", "created_by": 1}}, {"model": "FoodWaste.existingdata", "pk": 5, "fields": {"work": "ORD/CESER/LRTD/EDAB", "email": "young.daniel@epa.gov", "phone": "(513) 569-7451", "search": "Food Waste Recovery Environmental Engineering", "source": 1, "source_title": "Sustainable Management of Coffee and Cocoa Agro-Waste", "keywords": null, "url": "https://www.igi-global.com/chapter/sustainable-management-of-coffee-and-cocoa-agro-waste/222995", "disclaimer_req": false, "citation": "Pushpa S. Murthy (Central Food Technological Research Institute, India), Nivas Manohar Desai (Central Food Technological Research Institute, India) and Siridevi G. B. (Central Food Technological Research Institute, India).", "date_accessed": "2019-10-30T10:32:37Z", "comments": "https://www.igi-global.com/chapter/sustainable-management-of-coffee-and-cocoa-agro-waste/222995", "created_by": 1}}, {"model": "FoodWaste.existingdata", "pk": 6, "fields": {"work": "ORD/CESER/LRTD/EDAB", "email": "young.daniel@epa.gov", "phone": "(513) 569-7451", "search": "food waste disposal options", "source": 1, "source_title": "Life cycle assessment (LCA) of food waste treatment in Hong Kong: On-site fermentation methodology", "keywords": null, "url": "https://www.sciencedirect.com/science/article/pii/S0301479719304323", "disclaimer_req": false, "citation": "Journal of Environmental Management. Volume 240, 15 June 2019, Pages 343-351. https://www.sciencedirect.com/science/article/pii/S0301479719304323.", "date_accessed": "2019-10-30T10:47:29Z", "comments": "This paper utilizes Life Cycle Assessment (LCA) to determine the environmental impacts associated with this S-FRB technology and identify environmental hotspots to reduce these impacts. In this paper, we have conducted an on-site pilot-scale study for 2\u202fmonths\u202fat a canteen located at the City University of Hong Kong, which resulted in a 90% reduction in the mass of food waste treated in the S-FRB system.", "created_by": 1}}, {"model": "FoodWaste.existingdata", "pk": 8, "fields": {"work": "ORD/CESER/LRTD/EDAB", "email": "young.daniel@epa.gov", "phone": "(513) 569-7451", "search": "Food Recycle", "source": 1, "source_title": "Recycle food wastes into high quality fish feeds for safe and quality fish production", "keywords": null, "url": "https://doi.org/10.1016/j.envpol.2016.06.035", "disclaimer_req": false, "citation": "Ming-Hung Wonga, Wing-Yin Mo, Wai-Ming Choi, Zhang Cheng, Yu-Bon Man.  \"Recycle food wastes into high quality fish feeds for safe and quality fish production.\" Elsevier. Environmental Pollution, Volume 219, December 2016, Pages 631-638. https://doi.org/10.1016/j.envpol.2016.06.035.", "date_accessed": "2019-10-30T18:41:06Z", "comments": null, "created_by": 1}}, {"model": "FoodWaste.existingdata", "pk": 10, "fields": {"work": "ORD/CESER/LRTD/EDAB", "email": "young.daniel@epa.gov", "phone": "(513) 569-7451", "search": "Food Waste De-Packaging", "source": 1, "source_title": "The sounding side of materials and products. A sensory interaction revaluated in the user-experience", "keywords": null, "url": "https://fido.palermo.edu/servicios_dyc/publicacionesdc/archivos/777_libro.pdf#page=99", "disclaimer_req": false, "citation": "Lerma, Beatrice (2019)  Cuaderno 94. \"The sounding side of materials and products. A sensory interaction revaluated in the user-experience.\" Pages 99 thru 107. Cuaderno 94 |  Centro de Estudios en Dise\u00f1o y Comunicaci\u00f3n (2020/2021). pp 99 - 107  ISSN 1668-0227. Accessed 11/1/2019. https://fido.palermo.edu/servicios_dyc/publicacionesdc/archivos/777_libro.pdf#page=99.", "date_accessed": "2019-11-01T10:11:49Z", "comments": null, "created_by": 1}}, {"model": "FoodWaste.existingdata", "pk": 11, "fields": {"work": "ORD/CESER/LRTD/EDAB", "email": "young.daniel@epa.gov", "phone": "(513) 569-7451", "search": "plastic waste in food", "source": 1, "source_title": "Feasibility Study on the Application of Fabricated Multipurpose Food Packaging Plastic (MFPP) Liner as Alternative Landfill Liner Material in Sustainable Landfill Infrastructure Model", "keywords": null, "url": "https://www.scientific.net/KEM.821.343", "disclaimer_req": false, "citation": "Feasibility Study on the Application of Fabricated Multipurpose Food Packaging Plastic (MFPP) Liner as Alternative Landfill Liner Material in Sustainable Landfill Infrastructure Model. https://www.scientific.net/KEM.821.343.", "date_accessed": "2019-11-01T12:59:06Z", "comments": "Multipurpose Food Packaging Plastic (MFPP) is one of the largest residential and commercial solid waste all over the world. BWP is categorized under Non-Biodegradable Plastic Waste (N-BPW). Due to its inability to degrade, this abundance of N-BPW caused space decrement in landfill. Many methods have been proposed for recycling of N-BPW such as incorporating N-BPW into road construction and added material in concrete production. In the present study, the feasibility of using MFPP as landfill liner material is studied through a series of laboratory testing in terms of mechanical and chemical characteristics. The liner sample was prepared in terms of a fabricated layer (combination of 60 layers (Sample A) and 80 layers (Sample B) of a single plastic). The fabricated layers were prepared by applying hot-pressing technique to increase the strength of the surface attachment between each of the layers. The prepared fabricated MFPP liners were tested for Ultimate Tensile Strength Test (UTS), Scanning Electron Microscopy (SEM) and X-Ray Distraction (XRD). The tested samples were then compared with the Conventional Geomembranes (GMs). Obtained results indicated that proposed fabricated MFPP Liner had 70% similar characteristics to GMs. In addition, the fabricated MFPP Liners have an ability to sustain maximum loading higher than Conventional GMs. These desirable characteristics indicated that the fabricated MFPP Liners has potential to be used as landfill liner material.", "created_by": 1}}, {"model": "FoodWaste.existingdata", "pk": 12, "fields": {"work": "ORD/CESER/LRTD/EDAB", "email": "young.daniel@epa.gov", "phone": "(513) 569-7451", "search": "Food Waste Plastic Contamination", "source": 5, "source_title": "UK Waste Strategy: Bioeconomy Opportunities Aplenty", "keywords": "", "url": "https://www.liebertpub.com/doi/abs/10.1089/ind.2019.29161.bho?journalCode=ind", "disclaimer_req": false, "citation": "Bob Horton, Jeremy Tomkinson, and Adrian Higson.Industrial Biotechnology.Apr 2019.ahead of printhttp://doi.org/10.1089/ind.2019.29161.bho", "date_accessed": "2019-11-04T15:40:33.876Z", "comments": "", "created_by": 1}}, {"model": "FoodWaste.existingdata", "pk": 13, "fields": {"work": "ORD/CESER/LRTD/EDAB", "email": "young.daniel@epa.gov", "phone": "(513) 569-7451", "search": "USEEIO model", "source": 5, "source_title": "Method for endogenizing capital in the United States Environmentally\u2010Extended Input\u2010Output model", "keywords": "", "url": "https://onlinelibrary.wiley.com/doi/abs/10.1111/jiec.12931", "disclaimer_req": false, "citation": "https://doi.org/10.1111/jiec.12931", "date_accessed": "2019-11-06T15:54:23.335Z", "comments": "Each year businesses, governments, and homeowners in the United States invest around one fifth of gross domestic product into the creation of capital assets such as buildings, machinery, and software to enable production and consumption.", "created_by": 1}}, {"model": "FoodWaste.attachment", "pk": 4, "fields": {"name": "US20100071602A1.pdf", "file": "dyoung11/attachments/US20100071602A1.pdf", "uploaded_by": 1}}, {"model": "FoodWaste.attachment", "pk": 5, "fields": {"name": "TestUpload1.txt", "file": "uploads/dyoung11/attachments/TestUpload1.txt", "uploaded_by": 1}}, {"model": "FoodWaste.attachment", "pk": 6, "fields": {"name": "777_libro.pdf", "file": "uploads/dyoung11/attachments/777_libro.pdf", "uploaded_by": 1}}, {"model": "accounts.userprofile", "pk": 1, "fields": {"user": 1, "created": "2019-10-18T15:23:15.074Z", "last_modified": "2019-10-25T15:08:41.938Z", "affiliation": "US EPA", "sector": 3, "job_title": "Physical Scientist", "role": 2, "address_line1": "26 West Martin Luther King Drive", "address_line2": "", "city": "Cincinnati", "state": 36, "zipcode": "45246", "country": 232}}]